Signal Type,Signal Candle,Entry Candle,Exit Candle,Entry Price,Exit Price,Price Difference
Buy,2023-01-06 08:35:00,2023-01-06 08:40:00,2023-01-06 09:50:00,10954.75,11029.75,75.0
Buy,2023-01-09 07:45:00,2023-01-09 07:50:00,2023-01-09 08:40:00,11276.25,11351.25,75.0
Buy,2023-01-10 08:10:00,2023-01-10 08:15:00,2023-01-10 08:30:00,11256.25,11181.25,-75.0
Buy,2023-01-13 08:00:00,2023-01-13 08:05:00,2023-01-13 10:30:00,11472.25,11513.75,41.5
Buy,2023-01-17 08:00:00,2023-01-17 08:05:00,2023-01-17 08:40:00,11663.25,11588.25,-75.0
Buy,2023-01-18 08:00:00,2023-01-18 08:05:00,2023-01-18 08:35:00,11739.0,11664.0,-75.0
Buy,2023-01-20 07:50:00,2023-01-20 07:55:00,2023-01-20 09:25:00,11455.5,11530.5,75.0
Buy,2023-01-23 07:45:00,2023-01-23 07:50:00,2023-01-23 08:25:00,11782.5,11857.5,75.0
Buy,2023-01-24 07:45:00,2023-01-24 07:50:00,2023-01-24 08:05:00,11915.5,11840.5,-75.0
Buy,2023-01-27 07:45:00,2023-01-27 07:50:00,2023-01-27 09:50:00,12130.0,12205.0,75.0
Buy,2023-01-30 07:45:00,2023-01-30 07:50:00,2023-01-30 08:25:00,12119.25,12044.25,-75.0
Buy,2023-01-31 09:00:00,2023-01-31 09:05:00,2023-01-31 11:30:00,12087.25,12074.75,-12.5
Buy,2023-02-02 08:30:00,2023-02-02 08:35:00,2023-02-02 11:00:00,12790.5,12854.5,64.0
Buy,2023-02-03 08:15:00,2023-02-03 08:20:00,2023-02-03 08:40:00,12776.25,12851.25,75.0
Buy,2023-02-06 08:00:00,2023-02-06 08:05:00,2023-02-06 08:20:00,12571.5,12496.5,-75.0
Buy,2023-02-07 09:05:00,2023-02-07 09:10:00,2023-02-07 10:40:00,12553.0,12628.0,75.0
Buy,2023-02-13 07:40:00,2023-02-13 07:45:00,2023-02-13 08:50:00,12412.5,12487.5,75.0
Buy,2023-02-14 08:10:00,2023-02-14 08:15:00,2023-02-14 08:30:00,12650.25,12575.25,-75.0
Buy,2023-02-15 09:25:00,2023-02-15 09:30:00,2023-02-15 11:55:00,12632.5,12682.25,49.75
Buy,2023-02-16 08:35:00,2023-02-16 08:40:00,2023-02-16 11:05:00,12639.25,12662.0,22.75
Buy,2023-02-28 07:40:00,2023-02-28 07:45:00,2023-02-28 10:10:00,12087.75,12112.25,24.5
Buy,2023-03-01 07:45:00,2023-03-01 07:50:00,2023-03-01 08:05:00,12074.75,11999.75,-75.0
Buy,2023-03-02 08:00:00,2023-03-02 08:05:00,2023-03-02 10:30:00,11923.0,11926.0,3.0
Buy,2023-03-03 07:45:00,2023-03-03 07:50:00,2023-03-03 10:15:00,12166.5,12230.25,63.75
Buy,2023-03-06 08:15:00,2023-03-06 08:20:00,2023-03-06 10:45:00,12428.25,12392.5,-35.75
Buy,2023-03-08 08:30:00,2023-03-08 08:35:00,2023-03-08 11:00:00,12217.5,12173.75,-43.75
Buy,2023-03-09 07:45:00,2023-03-09 07:50:00,2023-03-09 10:00:00,12321.5,12246.5,-75.0
Buy,2023-03-13 07:45:00,2023-03-13 07:50:00,2023-03-13 08:05:00,11849.25,11924.25,75.0
Buy,2023-03-14 07:40:00,2023-03-14 07:45:00,2023-03-14 09:20:00,12267.75,12342.75,75.0
Buy,2023-03-16 08:40:00,2023-03-16 08:45:00,2023-03-16 08:50:00,12444.0,12519.0,75.0
Buy,2023-03-17 08:00:00,2023-03-17 08:05:00,2023-03-17 08:15:00,12793.0,12718.0,-75.0
Buy,2023-03-20 08:45:00,2023-03-20 08:50:00,2023-03-20 11:15:00,12634.75,12659.75,25.0
Buy,2023-03-22 08:20:00,2023-03-22 08:25:00,2023-03-22 10:50:00,12901.25,12892.5,-8.75
Buy,2023-03-23 08:00:00,2023-03-23 08:05:00,2023-03-23 08:45:00,12894.0,12969.0,75.0
Buy,2023-03-27 08:05:00,2023-03-27 08:10:00,2023-03-27 08:55:00,12941.5,12866.5,-75.0
Buy,2023-03-29 08:00:00,2023-03-29 08:05:00,2023-03-29 10:30:00,12928.25,12918.75,-9.5
Buy,2023-03-30 08:25:00,2023-03-30 08:30:00,2023-03-30 10:55:00,13093.5,13050.5,-43.0
Buy,2023-03-31 08:00:00,2023-03-31 08:05:00,2023-03-31 10:00:00,13142.5,13217.5,75.0
Buy,2023-04-03 07:45:00,2023-04-03 07:50:00,2023-04-03 08:50:00,13260.25,13185.25,-75.0
Buy,2023-04-04 08:00:00,2023-04-04 08:05:00,2023-04-04 09:10:00,13302.75,13227.75,-75.0
Buy,2023-04-06 09:00:00,2023-04-06 09:05:00,2023-04-06 09:45:00,13044.0,13119.0,75.0
Buy,2023-04-13 08:05:00,2023-04-13 08:10:00,2023-04-13 10:35:00,13096.0,13152.0,56.0
Buy,2023-04-14 08:00:00,2023-04-14 08:05:00,2023-04-14 08:05:00,13249.0,13174.0,-75.0
Buy,2023-04-18 07:45:00,2023-04-18 07:50:00,2023-04-18 08:00:00,13294.0,13219.0,-75.0
Buy,2023-04-19 08:40:00,2023-04-19 08:45:00,2023-04-19 11:10:00,13146.25,13208.25,62.0
Buy,2023-04-20 07:45:00,2023-04-20 07:50:00,2023-04-20 10:15:00,13115.5,13137.75,22.25
Buy,2023-04-26 09:00:00,2023-04-26 09:05:00,2023-04-26 11:30:00,12957.75,12959.0,1.25
Buy,2023-04-27 08:10:00,2023-04-27 08:15:00,2023-04-27 10:05:00,13077.0,13152.0,75.0
Buy,2023-05-04 09:05:00,2023-05-04 09:10:00,2023-05-04 11:35:00,13089.5,13113.75,24.25
Buy,2023-05-05 07:55:00,2023-05-05 08:00:00,2023-05-05 08:35:00,13190.75,13265.75,75.0
Buy,2023-05-09 07:55:00,2023-05-09 08:00:00,2023-05-09 10:25:00,13310.0,13262.0,-48.0
Buy,2023-05-15 09:15:00,2023-05-15 09:20:00,2023-05-15 11:45:00,13425.75,13427.75,2.0
Buy,2023-05-16 07:40:00,2023-05-16 07:45:00,2023-05-16 10:10:00,13500.0,13543.75,43.75
Buy,2023-05-18 08:05:00,2023-05-18 08:10:00,2023-05-18 09:00:00,13731.25,13806.25,75.0
Buy,2023-05-22 08:55:00,2023-05-22 09:00:00,2023-05-22 11:25:00,13910.5,13904.75,-5.75
Buy,2023-05-23 08:15:00,2023-05-23 08:20:00,2023-05-23 10:40:00,13866.0,13791.0,-75.0
Buy,2023-05-26 08:00:00,2023-05-26 08:05:00,2023-05-26 08:30:00,14133.25,14208.25,75.0
Buy,2023-05-31 07:45:00,2023-05-31 07:50:00,2023-05-31 08:15:00,14395.5,14320.5,-75.0
Buy,2023-06-01 08:40:00,2023-06-01 08:45:00,2023-06-01 10:00:00,14360.0,14435.0,75.0
Buy,2023-06-05 08:00:00,2023-06-05 08:05:00,2023-06-05 10:30:00,14627.75,14672.75,45.0
Buy,2023-06-06 08:45:00,2023-06-06 08:50:00,2023-06-06 11:15:00,14600.75,14570.5,-30.25
Buy,2023-06-08 08:05:00,2023-06-08 08:10:00,2023-06-08 09:00:00,14393.25,14468.25,75.0
Buy,2023-06-09 09:05:00,2023-06-09 09:10:00,2023-06-09 09:25:00,14627.5,14552.5,-75.0
Buy,2023-06-12 08:45:00,2023-06-12 08:50:00,2023-06-12 11:15:00,14641.25,14673.25,32.0
Buy,2023-06-14 08:15:00,2023-06-14 08:20:00,2023-06-14 10:45:00,15156.25,15166.25,10.0
Buy,2023-06-15 08:05:00,2023-06-15 08:10:00,2023-06-15 10:35:00,15250.25,15299.25,49.0
Buy,2023-06-22 08:10:00,2023-06-22 08:15:00,2023-06-22 08:45:00,15132.25,15057.25,-75.0
Buy,2023-06-26 08:10:00,2023-06-26 08:15:00,2023-06-26 08:35:00,15140.5,15065.5,-75.0
Buy,2023-06-27 09:25:00,2023-06-27 09:30:00,2023-06-27 10:45:00,14982.5,15057.5,75.0
Buy,2023-06-28 08:15:00,2023-06-28 08:20:00,2023-06-28 08:35:00,15114.25,15189.25,75.0
Buy,2023-06-30 07:45:00,2023-06-30 07:50:00,2023-06-30 10:15:00,15327.25,15319.25,-8.0
Buy,2023-07-03 07:45:00,2023-07-03 07:50:00,2023-07-03 10:15:00,15376.75,15335.75,-41.0
Buy,2023-07-05 07:40:00,2023-07-05 07:45:00,2023-07-05 10:10:00,15380.75,15355.75,-25.0
Buy,2023-07-07 07:45:00,2023-07-07 07:50:00,2023-07-07 10:15:00,15248.0,15304.75,56.75
Buy,2023-07-12 07:45:00,2023-07-12 07:50:00,2023-07-12 09:40:00,15450.5,15375.5,-75.0
Buy,2023-07-13 09:00:00,2023-07-13 09:05:00,2023-07-13 11:30:00,15616.5,15664.5,48.0
Buy,2023-07-14 08:30:00,2023-07-14 08:35:00,2023-07-14 11:00:00,15826.25,15751.25,-75.0
Buy,2023-07-19 08:40:00,2023-07-19 08:45:00,2023-07-19 10:30:00,16036.75,15961.75,-75.0
Buy,2023-07-25 07:45:00,2023-07-25 07:50:00,2023-07-25 10:15:00,15645.0,15678.5,33.5
Buy,2023-07-28 08:00:00,2023-07-28 08:05:00,2023-07-28 10:30:00,15824.75,15877.5,52.75
Buy,2023-08-01 08:00:00,2023-08-01 08:05:00,2023-08-01 10:30:00,15802.5,15802.75,0.25
Buy,2023-08-03 07:45:00,2023-08-03 07:50:00,2023-08-03 08:25:00,15436.75,15361.75,-75.0
Buy,2023-08-10 07:45:00,2023-08-10 07:50:00,2023-08-10 09:00:00,15377.5,15302.5,-75.0
Buy,2023-08-14 08:35:00,2023-08-14 08:40:00,2023-08-14 11:05:00,15199.75,15232.25,32.5
Buy,2023-08-16 07:45:00,2023-08-16 07:50:00,2023-08-16 09:55:00,15120.0,15045.0,-75.0
Buy,2023-08-18 08:35:00,2023-08-18 08:40:00,2023-08-18 11:05:00,14687.25,14709.25,22.0
Buy,2023-08-21 07:55:00,2023-08-21 08:00:00,2023-08-21 08:25:00,14913.25,14838.25,-75.0
Buy,2023-08-23 07:45:00,2023-08-23 07:50:00,2023-08-23 08:10:00,15055.25,15130.25,75.0
Buy,2023-08-25 08:00:00,2023-08-25 08:05:00,2023-08-25 08:15:00,14952.0,15027.0,75.0
Buy,2023-08-29 08:00:00,2023-08-29 08:05:00,2023-08-29 08:30:00,15229.5,15304.5,75.0
Buy,2023-08-30 07:50:00,2023-08-30 07:55:00,2023-08-30 08:25:00,15463.25,15388.25,-75.0
Buy,2023-08-31 08:30:00,2023-08-31 08:35:00,2023-08-31 10:20:00,15601.25,15526.25,-75.0
Buy,2023-09-05 08:45:00,2023-09-05 08:50:00,2023-09-05 11:15:00,15520.0,15534.0,14.0
Buy,2023-09-07 08:20:00,2023-09-07 08:25:00,2023-09-07 10:50:00,15216.0,15254.5,38.5
Buy,2023-09-12 07:40:00,2023-09-12 07:45:00,2023-09-12 08:50:00,15630.0,15555.0,-75.0
Buy,2023-09-13 09:00:00,2023-09-13 09:05:00,2023-09-13 11:30:00,15580.75,15611.5,30.75
Buy,2023-09-14 08:40:00,2023-09-14 08:45:00,2023-09-14 11:10:00,15645.5,15691.75,46.25
Buy,2023-09-22 08:30:00,2023-09-22 08:35:00,2023-09-22 11:00:00,14993.25,15000.25,7.0
Buy,2023-09-25 07:55:00,2023-09-25 08:00:00,2023-09-25 10:25:00,14875.75,14928.75,53.0
Buy,2023-09-28 07:50:00,2023-09-28 07:55:00,2023-09-28 09:20:00,14732.75,14807.75,75.0
Buy,2023-09-29 07:45:00,2023-09-29 07:50:00,2023-09-29 09:30:00,15017.25,14942.25,-75.0
Buy,2023-10-02 08:00:00,2023-10-02 08:05:00,2023-10-02 08:30:00,14982.25,14907.25,-75.0
Buy,2023-10-03 07:50:00,2023-10-03 07:55:00,2023-10-03 08:00:00,14964.75,14889.75,-75.0
Buy,2023-10-04 09:15:00,2023-10-04 09:20:00,2023-10-04 11:45:00,14845.25,14845.5,0.25
Buy,2023-10-06 08:20:00,2023-10-06 08:25:00,2023-10-06 08:45:00,14824.0,14899.0,75.0
Buy,2023-10-09 09:25:00,2023-10-09 09:30:00,2023-10-09 11:30:00,15031.5,15106.5,75.0
Buy,2023-10-10 08:00:00,2023-10-10 08:05:00,2023-10-10 09:05:00,15264.0,15339.0,75.0
Buy,2023-10-12 08:05:00,2023-10-12 08:10:00,2023-10-12 10:35:00,15422.75,15456.0,33.25
Buy,2023-10-16 08:30:00,2023-10-16 08:35:00,2023-10-16 11:00:00,15308.25,15305.0,-3.25
Buy,2023-10-17 08:20:00,2023-10-17 08:25:00,2023-10-17 09:30:00,15187.75,15262.75,75.0
Buy,2023-10-18 08:15:00,2023-10-18 08:20:00,2023-10-18 08:35:00,15200.25,15125.25,-75.0
Buy,2023-10-24 08:20:00,2023-10-24 08:25:00,2023-10-24 10:20:00,14832.25,14757.25,-75.0
Buy,2023-10-27 09:15:00,2023-10-27 09:20:00,2023-10-27 10:50:00,14384.25,14309.25,-75.0
Buy,2023-10-30 07:45:00,2023-10-30 07:50:00,2023-10-30 08:15:00,14463.25,14388.25,-75.0
Buy,2023-11-01 08:00:00,2023-11-01 08:05:00,2023-11-01 08:25:00,14561.75,14636.75,75.0
Buy,2023-11-02 08:50:00,2023-11-02 08:55:00,2023-11-02 11:20:00,14955.0,14974.5,19.5
Buy,2023-11-03 07:45:00,2023-11-03 07:50:00,2023-11-03 10:15:00,15115.25,15171.5,56.25
Buy,2023-11-07 07:55:00,2023-11-07 08:00:00,2023-11-07 08:45:00,15297.75,15372.75,75.0
Buy,2023-11-10 08:45:00,2023-11-10 08:50:00,2023-11-10 09:05:00,15352.5,15427.5,75.0
Buy,2023-11-14 08:00:00,2023-11-14 08:05:00,2023-11-14 10:30:00,15884.5,15849.5,-35.0
Buy,2023-11-16 07:45:00,2023-11-16 07:50:00,2023-11-16 10:15:00,15868.0,15867.0,-1.0
Buy,2023-11-20 09:00:00,2023-11-20 09:05:00,2023-11-20 11:30:00,16015.25,16074.0,58.75
Buy,2023-11-27 08:30:00,2023-11-27 08:35:00,2023-11-27 11:00:00,16038.5,16084.0,45.5
Buy,2023-11-28 08:35:00,2023-11-28 08:40:00,2023-11-28 11:05:00,16010.25,16001.0,-9.25
Buy,2023-12-01 08:00:00,2023-12-01 08:05:00,2023-12-01 09:50:00,15937.75,16012.75,75.0
Buy,2023-12-05 08:00:00,2023-12-05 08:05:00,2023-12-05 09:50:00,15925.5,15850.5,-75.0
Buy,2023-12-07 08:55:00,2023-12-07 09:00:00,2023-12-07 11:25:00,15997.5,16026.25,28.75
Buy,2023-12-08 07:40:00,2023-12-08 07:45:00,2023-12-08 08:15:00,16023.0,16098.0,75.0
Buy,2023-12-11 07:55:00,2023-12-11 08:00:00,2023-12-11 10:25:00,16160.75,16188.0,27.25
Buy,2023-12-12 08:55:00,2023-12-12 09:00:00,2023-12-12 11:25:00,16497.0,16503.0,6.0
Buy,2023-12-15 08:10:00,2023-12-15 08:15:00,2023-12-15 10:40:00,16840.5,16838.75,-1.75
Buy,2023-12-18 08:00:00,2023-12-18 08:05:00,2023-12-18 10:30:00,16896.25,16935.5,39.25
Buy,2023-12-19 09:00:00,2023-12-19 09:05:00,2023-12-19 11:30:00,17007.25,16992.0,-15.25
Buy,2023-12-20 08:00:00,2023-12-20 08:05:00,2023-12-20 10:30:00,17026.25,17035.25,9.0
Buy,2023-12-22 08:00:00,2023-12-22 08:05:00,2023-12-22 10:30:00,17025.75,16990.0,-35.75
Buy,2023-12-26 07:40:00,2023-12-26 07:45:00,2023-12-26 10:10:00,17042.75,17052.5,9.75
Buy,2024-01-03 08:00:00,2024-01-03 08:05:00,2024-01-03 08:15:00,16639.0,16564.0,-75.0
Buy,2024-01-04 08:10:00,2024-01-04 08:15:00,2024-01-04 10:40:00,16522.5,16501.0,-21.5
Buy,2024-01-05 08:00:00,2024-01-05 08:05:00,2024-01-05 10:05:00,16540.5,16465.5,-75.0
Buy,2024-01-08 07:55:00,2024-01-08 08:00:00,2024-01-08 10:25:00,16628.5,16685.0,56.5
Buy,2024-01-09 08:05:00,2024-01-09 08:10:00,2024-01-09 09:50:00,16720.25,16795.25,75.0
Buy,2024-01-10 08:40:00,2024-01-10 08:45:00,2024-01-10 11:10:00,16885.25,16900.75,15.5
Buy,2024-01-16 08:20:00,2024-01-16 08:25:00,2024-01-16 10:05:00,16999.0,16924.0,-75.0
Buy,2024-01-18 09:20:00,2024-01-18 09:25:00,2024-01-18 10:10:00,17075.5,17000.5,-75.0
Buy,2024-01-19 08:00:00,2024-01-19 08:05:00,2024-01-19 10:25:00,17217.25,17292.25,75.0
Buy,2024-01-24 08:15:00,2024-01-24 08:20:00,2024-01-24 10:30:00,17703.0,17778.0,75.0
Buy,2024-01-26 08:50:00,2024-01-26 08:55:00,2024-01-26 10:45:00,17614.0,17539.0,-75.0
Buy,2024-02-02 08:40:00,2024-02-02 08:45:00,2024-02-02 10:25:00,17653.75,17728.75,75.0
Buy,2024-02-07 08:10:00,2024-02-07 08:15:00,2024-02-07 10:40:00,17807.25,17801.0,-6.25
Buy,2024-02-08 08:45:00,2024-02-08 08:50:00,2024-02-08 11:15:00,17878.0,17865.25,-12.75
Buy,2024-02-09 07:55:00,2024-02-09 08:00:00,2024-02-09 10:25:00,17940.25,18001.75,61.5
Buy,2024-02-12 08:50:00,2024-02-12 08:55:00,2024-02-12 11:20:00,18080.75,18076.25,-4.5
Buy,2024-02-13 08:15:00,2024-02-13 08:20:00,2024-02-13 08:30:00,17674.75,17749.75,75.0
Buy,2024-02-14 08:15:00,2024-02-14 08:20:00,2024-02-14 08:55:00,17825.25,17750.25,-75.0
Buy,2024-02-21 08:00:00,2024-02-21 08:05:00,2024-02-21 10:10:00,17522.5,17447.5,-75.0
Buy,2024-02-22 07:45:00,2024-02-22 07:50:00,2024-02-22 10:15:00,17946.0,17978.5,32.5
Buy,2024-02-27 08:15:00,2024-02-27 08:20:00,2024-02-27 10:35:00,18028.0,17953.0,-75.0
Buy,2024-02-28 09:00:00,2024-02-28 09:05:00,2024-02-28 11:30:00,17951.0,17945.75,-5.25
Buy,2024-03-01 08:45:00,2024-03-01 08:50:00,2024-03-01 10:10:00,18177.25,18252.25,75.0
Buy,2024-03-07 08:40:00,2024-03-07 08:45:00,2024-03-07 11:10:00,18264.75,18310.0,45.25
Buy,2024-03-08 07:45:00,2024-03-08 07:50:00,2024-03-08 08:25:00,18356.25,18431.25,75.0
Buy,2024-03-11 08:50:00,2024-03-11 08:55:00,2024-03-11 09:25:00,18008.75,17933.75,-75.0
Buy,2024-03-12 08:20:00,2024-03-12 08:25:00,2024-03-12 08:45:00,18356.0,18431.0,75.0
Buy,2024-03-18 08:25:00,2024-03-18 08:30:00,2024-03-18 09:30:00,18372.25,18297.25,-75.0
Buy,2024-03-22 08:00:00,2024-03-22 08:05:00,2024-03-22 10:30:00,18557.5,18535.5,-22.0
Buy,2024-03-25 08:05:00,2024-03-25 08:10:00,2024-03-25 10:35:00,18496.75,18514.25,17.5
Buy,2024-03-26 08:00:00,2024-03-26 08:05:00,2024-03-26 10:30:00,18606.5,18552.25,-54.25
Buy,2024-03-28 07:45:00,2024-03-28 07:50:00,2024-03-28 10:15:00,18515.75,18483.0,-32.75
Buy,2024-04-03 08:00:00,2024-04-03 08:05:00,2024-04-03 08:55:00,18352.25,18427.25,75.0
Buy,2024-04-05 08:45:00,2024-04-05 08:50:00,2024-04-05 09:45:00,18267.25,18342.25,75.0
Buy,2024-04-08 08:25:00,2024-04-08 08:30:00,2024-04-08 10:20:00,18339.75,18264.75,-75.0
Buy,2024-04-10 08:15:00,2024-04-10 08:20:00,2024-04-10 10:45:00,18195.75,18165.75,-30.0
Buy,2024-04-16 07:55:00,2024-04-16 08:00:00,2024-04-16 10:25:00,17897.5,17900.75,3.25
Buy,2024-04-18 08:35:00,2024-04-18 08:40:00,2024-04-18 10:50:00,17682.75,17607.75,-75.0
Buy,2024-04-23 07:45:00,2024-04-23 07:50:00,2024-04-23 08:25:00,17486.25,17561.25,75.0
Buy,2024-04-25 09:00:00,2024-04-25 09:05:00,2024-04-25 10:20:00,17382.0,17457.0,75.0
Buy,2024-04-26 08:30:00,2024-04-26 08:35:00,2024-04-26 11:00:00,17816.75,17877.5,60.75
Buy,2024-05-03 07:45:00,2024-05-03 07:50:00,2024-05-03 08:10:00,17994.75,17919.75,-75.0
Buy,2024-05-07 08:55:00,2024-05-07 09:00:00,2024-05-07 11:25:00,18250.5,18255.0,4.5
Buy,2024-05-08 07:45:00,2024-05-08 07:50:00,2024-05-08 08:45:00,18155.5,18230.5,75.0
Buy,2024-05-09 08:35:00,2024-05-09 08:40:00,2024-05-09 11:05:00,18204.0,18220.5,16.5
Buy,2024-05-14 08:20:00,2024-05-14 08:25:00,2024-05-14 10:50:00,18343.75,18312.0,-31.75
Buy,2024-05-15 09:00:00,2024-05-15 09:05:00,2024-05-15 11:10:00,18573.25,18648.25,75.0
Buy,2024-05-16 08:20:00,2024-05-16 08:25:00,2024-05-16 10:50:00,18718.25,18733.5,15.25
Buy,2024-05-17 08:30:00,2024-05-17 08:35:00,2024-05-17 11:00:00,18675.25,18636.25,-39.0
Buy,2024-05-20 07:50:00,2024-05-20 07:55:00,2024-05-20 10:20:00,18742.75,18746.0,3.25
Buy,2024-05-21 08:25:00,2024-05-21 08:30:00,2024-05-21 10:55:00,18730.75,18747.0,16.25
Buy,2024-05-22 09:00:00,2024-05-22 09:05:00,2024-05-22 11:30:00,18830.0,18811.25,-18.75
Buy,2024-05-24 08:00:00,2024-05-24 08:05:00,2024-05-24 08:55:00,18782.25,18857.25,75.0
Buy,2024-05-29 07:50:00,2024-05-29 07:55:00,2024-05-29 10:20:00,18842.25,18847.25,5.0
Buy,2024-06-05 08:20:00,2024-06-05 08:25:00,2024-06-05 09:10:00,18876.0,18951.0,75.0
Buy,2024-06-07 07:50:00,2024-06-07 07:55:00,2024-06-07 10:20:00,19054.75,19104.0,49.25
Buy,2024-06-10 08:45:00,2024-06-10 08:50:00,2024-06-10 10:15:00,19041.25,19116.25,75.0
Buy,2024-06-11 08:40:00,2024-06-11 08:45:00,2024-06-11 11:10:00,19107.0,19137.75,30.75
Buy,2024-06-12 08:25:00,2024-06-12 08:30:00,2024-06-12 10:55:00,19543.5,19509.5,-34.0
Buy,2024-06-17 08:55:00,2024-06-17 09:00:00,2024-06-17 10:20:00,19977.25,20052.25,75.0
Buy,2024-06-21 09:15:00,2024-06-21 09:20:00,2024-06-21 11:30:00,20033.5,19958.5,-75.0
Buy,2024-06-24 08:00:00,2024-06-24 08:05:00,2024-06-24 08:25:00,19975.75,19900.75,-75.0
Buy,2024-06-25 08:00:00,2024-06-25 08:05:00,2024-06-25 09:50:00,19874.5,19949.5,75.0
Buy,2024-06-26 07:45:00,2024-06-26 07:50:00,2024-06-26 10:15:00,19978.0,20000.75,22.75
Buy,2024-06-27 08:10:00,2024-06-27 08:15:00,2024-06-27 08:45:00,20110.5,20035.5,-75.0
Buy,2024-06-28 08:00:00,2024-06-28 08:05:00,2024-06-28 08:55:00,20219.75,20144.75,-75.0
Buy,2024-07-02 08:00:00,2024-07-02 08:05:00,2024-07-02 09:35:00,20071.5,20146.5,75.0
Buy,2024-07-03 08:40:00,2024-07-03 08:45:00,2024-07-03 09:55:00,20299.75,20374.75,75.0
Buy,2024-07-05 08:30:00,2024-07-05 08:35:00,2024-07-05 09:45:00,20526.5,20601.5,75.0
Buy,2024-07-08 09:20:00,2024-07-08 09:25:00,2024-07-08 11:50:00,20658.5,20653.5,-5.0
Buy,2024-07-10 08:05:00,2024-07-10 08:10:00,2024-07-10 09:00:00,20785.5,20710.5,-75.0
Buy,2024-07-12 08:00:00,2024-07-12 08:05:00,2024-07-12 08:40:00,20557.0,20632.0,75.0
Buy,2024-07-15 08:25:00,2024-07-15 08:30:00,2024-07-15 09:05:00,20681.25,20756.25,75.0
Buy,2024-07-22 07:45:00,2024-07-22 07:50:00,2024-07-22 08:00:00,20021.25,19946.25,-75.0
Buy,2024-07-23 09:10:00,2024-07-23 09:15:00,2024-07-23 10:20:00,20052.5,19977.5,-75.0
Buy,2024-07-25 09:10:00,2024-07-25 09:15:00,2024-07-25 09:40:00,19246.5,19171.5,-75.0
Buy,2024-07-31 08:00:00,2024-07-31 08:05:00,2024-07-31 08:30:00,19406.5,19481.5,75.0
Buy,2024-08-01 07:45:00,2024-08-01 07:50:00,2024-08-01 08:05:00,19649.5,19574.5,-75.0
Buy,2024-08-05 08:00:00,2024-08-05 08:05:00,2024-08-05 08:05:00,18042.75,17967.75,-75.0
Buy,2024-08-08 08:00:00,2024-08-08 08:05:00,2024-08-08 08:15:00,18275.5,18350.5,75.0
Buy,2024-08-09 08:10:00,2024-08-09 08:15:00,2024-08-09 08:30:00,18546.75,18471.75,-75.0
Buy,2024-08-12 09:00:00,2024-08-12 09:05:00,2024-08-12 09:20:00,18759.0,18684.0,-75.0
Buy,2024-08-13 08:45:00,2024-08-13 08:50:00,2024-08-13 10:20:00,18947.0,19022.0,75.0
Buy,2024-08-15 09:15:00,2024-08-15 09:20:00,2024-08-15 11:45:00,19516.75,19575.25,58.5
Buy,2024-08-16 08:00:00,2024-08-16 08:05:00,2024-08-16 10:10:00,19532.75,19607.75,75.0
Buy,2024-08-19 08:50:00,2024-08-19 08:55:00,2024-08-19 11:20:00,19653.75,19690.25,36.5
Buy,2024-08-21 08:00:00,2024-08-21 08:05:00,2024-08-21 08:40:00,19900.0,19975.0,75.0
Buy,2024-08-23 08:00:00,2024-08-23 08:05:00,2024-08-23 08:05:00,19846.5,19771.5,-75.0
Buy,2024-08-27 08:10:00,2024-08-27 08:15:00,2024-08-27 08:30:00,19571.75,19646.75,75.0
Buy,2024-08-29 07:55:00,2024-08-29 08:00:00,2024-08-29 08:15:00,19643.75,19568.75,-75.0
Buy,2024-08-30 08:00:00,2024-08-30 08:05:00,2024-08-30 08:25:00,19605.5,19530.5,-75.0
Buy,2024-09-04 08:30:00,2024-09-04 08:35:00,2024-09-04 09:05:00,19036.5,19111.5,75.0
Buy,2024-09-05 08:00:00,2024-09-05 08:05:00,2024-09-05 08:45:00,19084.5,19009.5,-75.0
Buy,2024-09-09 08:10:00,2024-09-09 08:15:00,2024-09-09 08:20:00,18698.25,18623.25,-75.0
Buy,2024-09-12 08:10:00,2024-09-12 08:15:00,2024-09-12 09:10:00,19311.75,19386.75,75.0
Buy,2024-09-13 08:00:00,2024-09-13 08:05:00,2024-09-13 10:00:00,19483.25,19558.25,75.0
Buy,2024-09-17 08:45:00,2024-09-17 08:50:00,2024-09-17 08:55:00,19838.5,19763.5,-75.0
Buy,2024-09-19 08:15:00,2024-09-19 08:20:00,2024-09-19 10:25:00,20085.75,20160.75,75.0
Buy,2024-09-23 07:45:00,2024-09-23 07:50:00,2024-09-23 10:15:00,20100.25,20062.25,-38.0
Buy,2024-09-25 07:55:00,2024-09-25 08:00:00,2024-09-25 10:25:00,20231.5,20209.75,-21.75
Buy,2024-10-02 08:15:00,2024-10-02 08:20:00,2024-10-02 09:15:00,19997.75,20072.75,75.0
Buy,2024-10-03 08:00:00,2024-10-03 08:05:00,2024-10-03 08:10:00,20090.5,20015.5,-75.0
Buy,2024-10-07 08:15:00,2024-10-07 08:20:00,2024-10-07 10:45:00,20169.0,20135.5,-33.5
Buy,2024-10-08 07:50:00,2024-10-08 07:55:00,2024-10-08 08:35:00,20138.75,20213.75,75.0
Buy,2024-10-09 08:20:00,2024-10-09 08:25:00,2024-10-09 09:35:00,20332.5,20407.5,75.0
Buy,2024-10-10 09:25:00,2024-10-10 09:30:00,2024-10-10 10:15:00,20433.25,20508.25,75.0
Buy,2024-10-11 08:00:00,2024-10-11 08:05:00,2024-10-11 08:10:00,20361.5,20436.5,75.0
Buy,2024-10-14 07:45:00,2024-10-14 07:50:00,2024-10-14 08:55:00,20639.5,20564.5,-75.0
Buy,2024-10-18 08:00:00,2024-10-18 08:05:00,2024-10-18 10:30:00,20488.0,20477.5,-10.5
Buy,2024-10-21 08:00:00,2024-10-21 08:05:00,2024-10-21 08:40:00,20498.75,20423.75,-75.0
Buy,2024-10-22 08:05:00,2024-10-22 08:10:00,2024-10-22 10:35:00,20491.25,20440.5,-50.75
Buy,2024-10-25 07:45:00,2024-10-25 07:50:00,2024-10-25 08:00:00,20615.25,20690.25,75.0
Buy,2024-10-29 08:00:00,2024-10-29 08:05:00,2024-10-29 09:00:00,20531.5,20606.5,75.0
Buy,2024-10-30 09:25:00,2024-10-30 09:30:00,2024-10-30 11:30:00,20682.75,20607.75,-75.0
Buy,2024-11-01 09:10:00,2024-11-01 09:15:00,2024-11-01 11:05:00,20265.25,20190.25,-75.0
Buy,2024-11-04 08:15:00,2024-11-04 08:20:00,2024-11-04 09:45:00,20161.25,20086.25,-75.0
Buy,2024-11-05 09:20:00,2024-11-05 09:25:00,2024-11-05 11:50:00,20310.5,20313.25,2.75
Buy,2024-11-07 08:45:00,2024-11-07 08:50:00,2024-11-07 11:15:00,21150.75,21166.0,15.25
Buy,2024-11-18 08:00:00,2024-11-18 08:05:00,2024-11-18 08:30:00,20586.5,20661.5,75.0
Buy,2024-11-19 08:25:00,2024-11-19 08:30:00,2024-11-19 09:15:00,20602.25,20677.25,75.0
Buy,2024-11-29 07:55:00,2024-11-29 08:00:00,2024-11-29 09:10:00,20915.5,20990.5,75.0
Buy,2024-12-02 08:00:00,2024-12-02 08:05:00,2024-12-02 10:00:00,21174.5,21249.5,75.0
Buy,2024-12-03 08:00:00,2024-12-03 08:05:00,2024-12-03 10:30:00,21210.25,21204.0,-6.25
Buy,2024-12-04 08:10:00,2024-12-04 08:15:00,2024-12-04 10:40:00,21444.5,21469.5,25.0
Buy,2024-12-06 07:45:00,2024-12-06 07:50:00,2024-12-06 10:15:00,21592.25,21620.25,28.0
Buy,2024-12-09 07:45:00,2024-12-09 07:50:00,2024-12-09 08:25:00,21644.5,21569.5,-75.0
Buy,2024-12-10 08:30:00,2024-12-10 08:35:00,2024-12-10 08:55:00,21572.75,21497.75,-75.0
Buy,2024-12-11 07:45:00,2024-12-11 07:50:00,2024-12-11 09:15:00,21669.25,21744.25,75.0
Buy,2024-12-12 08:35:00,2024-12-12 08:40:00,2024-12-12 11:05:00,21717.5,21724.75,7.25
Buy,2024-12-16 07:50:00,2024-12-16 07:55:00,2024-12-16 09:15:00,21967.25,22042.25,75.0
Buy,2024-12-17 09:05:00,2024-12-17 09:10:00,2024-12-17 11:35:00,22348.75,22321.0,-27.75
Buy,2024-12-18 08:40:00,2024-12-18 08:45:00,2024-12-18 09:15:00,22332.25,22257.25,-75.0
Buy,2024-12-20 08:25:00,2024-12-20 08:30:00,2024-12-20 08:30:00,21458.25,21533.25,75.0
Buy,2024-12-24 08:00:00,2024-12-24 08:05:00,2024-12-24 10:30:00,21928.5,21965.0,36.5
Buy,2024-12-26 09:10:00,2024-12-26 09:15:00,2024-12-26 11:40:00,22012.25,22006.75,-5.5
Buy,2025-01-03 08:00:00,2025-01-03 08:05:00,2025-01-03 08:10:00,21424.25,21349.25,-75.0
Buy,2025-01-06 08:10:00,2025-01-06 08:15:00,2025-01-06 10:40:00,21852.75,21777.75,-75.0
Buy,2025-01-08 08:00:00,2025-01-08 08:05:00,2025-01-08 08:10:00,21387.5,21312.5,-75.0
Buy,2025-01-13 08:15:00,2025-01-13 08:20:00,2025-01-13 08:40:00,20785.25,20860.25,75.0
Buy,2025-01-15 08:00:00,2025-01-15 08:05:00,2025-01-15 09:30:00,21364.0,21289.0,-75.0
Buy,2025-01-22 08:10:00,2025-01-22 08:15:00,2025-01-22 10:40:00,22028.0,22048.25,20.25
Buy,2025-01-23 08:30:00,2025-01-23 08:35:00,2025-01-23 11:00:00,21920.5,21938.0,17.5
Buy,2025-01-24 07:45:00,2025-01-24 07:50:00,2025-01-24 08:25:00,22063.75,21988.75,-75.0
Buy,2025-01-28 08:00:00,2025-01-28 08:05:00,2025-01-28 08:20:00,21357.0,21432.0,75.0
Buy,2025-01-30 07:45:00,2025-01-30 07:50:00,2025-01-30 07:55:00,21735.75,21660.75,-75.0
Buy,2025-01-31 07:50:00,2025-01-31 07:55:00,2025-01-31 08:30:00,21857.75,21932.75,75.0
Buy,2025-02-03 08:40:00,2025-02-03 08:45:00,2025-02-03 09:05:00,21438.25,21363.25,-75.0
Buy,2025-02-04 07:50:00,2025-02-04 07:55:00,2025-02-04 08:05:00,21546.75,21621.75,75.0
Buy,2025-02-05 09:05:00,2025-02-05 09:10:00,2025-02-05 09:50:00,21624.5,21699.5,75.0
Buy,2025-02-06 07:45:00,2025-02-06 07:50:00,2025-02-06 10:15:00,21793.0,21791.5,-1.5
Buy,2025-02-10 08:00:00,2025-02-10 08:05:00,2025-02-10 08:45:00,21814.75,21889.75,75.0
Buy,2025-02-11 08:25:00,2025-02-11 08:30:00,2025-02-11 10:00:00,21838.5,21763.5,-75.0
Buy,2025-02-12 08:15:00,2025-02-12 08:20:00,2025-02-12 08:35:00,21672.25,21747.25,75.0
Buy,2025-02-13 08:35:00,2025-02-13 08:40:00,2025-02-13 09:55:00,22032.0,21957.0,-75.0
Buy,2025-02-14 08:55:00,2025-02-14 09:00:00,2025-02-14 11:25:00,22164.5,22157.25,-7.25
Buy,2025-02-26 09:00:00,2025-02-26 09:05:00,2025-02-26 10:50:00,21363.25,21288.25,-75.0
Buy,2025-02-28 08:10:00,2025-02-28 08:15:00,2025-02-28 08:30:00,20692.5,20767.5,75.0
Buy,2025-03-06 08:00:00,2025-03-06 08:05:00,2025-03-06 08:15:00,20359.0,20434.0,75.0
Buy,2025-03-14 08:55:00,2025-03-14 09:00:00,2025-03-14 09:40:00,19610.25,19685.25,75.0
Buy,2025-03-19 08:00:00,2025-03-19 08:05:00,2025-03-19 08:55:00,19863.75,19788.75,-75.0
Buy,2025-03-20 07:55:00,2025-03-20 08:00:00,2025-03-20 08:00:00,19934.25,20009.25,75.0
Buy,2025-03-21 07:50:00,2025-03-21 07:55:00,2025-03-21 08:55:00,19719.25,19794.25,75.0
Buy,2025-03-24 08:45:00,2025-03-24 08:50:00,2025-03-24 11:15:00,20356.25,20318.75,-37.5
Buy,2025-03-25 08:25:00,2025-03-25 08:30:00,2025-03-25 10:55:00,20453.5,20450.0,-3.5
Buy,2025-03-27 08:25:00,2025-03-27 08:30:00,2025-03-27 08:55:00,20120.5,20195.5,75.0
Buy,2025-03-31 09:20:00,2025-03-31 09:25:00,2025-03-31 11:05:00,19216.5,19291.5,75.0
Buy,2025-04-02 08:00:00,2025-04-02 08:05:00,2025-04-02 08:05:00,19614.0,19539.0,-75.0
Buy,2025-04-24 09:10:00,2025-04-24 09:15:00,2025-04-24 10:55:00,19193.75,19268.75,75.0
Buy,2025-04-29 08:00:00,2025-04-29 08:05:00,2025-04-29 10:30:00,19542.25,19574.5,32.25
Buy,2025-05-01 08:55:00,2025-05-01 09:00:00,2025-05-01 09:50:00,20073.0,19998.0,-75.0
Buy,2025-05-02 08:10:00,2025-05-02 08:15:00,2025-05-02 10:00:00,20150.5,20225.5,75.0
Buy,2025-05-05 08:35:00,2025-05-05 08:40:00,2025-05-05 10:50:00,20069.25,20144.25,75.0
Buy,2025-05-06 08:15:00,2025-05-06 08:20:00,2025-05-06 09:20:00,19867.75,19942.75,75.0
Buy,2025-05-07 08:05:00,2025-05-07 08:10:00,2025-05-07 08:50:00,19944.75,19869.75,-75.0
Buy,2025-05-13 07:50:00,2025-05-13 07:55:00,2025-05-13 08:10:00,21109.75,21184.75,75.0
Buy,2025-05-15 09:00:00,2025-05-15 09:05:00,2025-05-15 09:40:00,21361.75,21436.75,75.0
Buy,2025-05-19 08:00:00,2025-05-19 08:05:00,2025-05-19 09:40:00,21390.75,21465.75,75.0
Buy,2025-05-20 08:35:00,2025-05-20 08:40:00,2025-05-20 11:05:00,21439.25,21471.0,31.75
Buy,2025-05-21 08:00:00,2025-05-21 08:05:00,2025-05-21 09:00:00,21397.0,21472.0,75.0
Buy,2025-05-22 07:50:00,2025-05-22 07:55:00,2025-05-22 08:00:00,21236.75,21311.75,75.0
Buy,2025-05-23 08:10:00,2025-05-23 08:15:00,2025-05-23 09:05:00,20969.75,20894.75,-75.0
Buy,2025-05-27 08:00:00,2025-05-27 08:05:00,2025-05-27 10:00:00,21333.0,21408.0,75.0
Buy,2025-05-30 08:35:00,2025-05-30 08:40:00,2025-05-30 09:15:00,21394.75,21319.75,-75.0
Buy,2025-06-03 08:00:00,2025-06-03 08:05:00,2025-06-03 10:00:00,21615.5,21690.5,75.0
Buy,2025-06-05 09:15:00,2025-06-05 09:20:00,2025-06-05 10:15:00,21909.75,21834.75,-75.0
Buy,2025-06-06 07:55:00,2025-06-06 08:00:00,2025-06-06 08:25:00,21840.5,21765.5,-75.0
Buy,2025-06-09 08:30:00,2025-06-09 08:35:00,2025-06-09 11:00:00,21879.0,21872.75,-6.25
Buy,2025-06-12 08:05:00,2025-06-12 08:10:00,2025-06-12 09:00:00,21891.0,21966.0,75.0
Buy,2025-06-16 07:45:00,2025-06-16 07:50:00,2025-06-16 08:10:00,22106.25,22181.25,75.0
Buy,2025-06-17 08:10:00,2025-06-17 08:15:00,2025-06-17 10:40:00,22121.5,22084.25,-37.25
Buy,2025-06-18 08:00:00,2025-06-18 08:05:00,2025-06-18 10:30:00,22023.75,22040.25,16.5
Buy,2025-06-23 08:00:00,2025-06-23 08:05:00,2025-06-23 10:25:00,21957.0,21882.0,-75.0
Buy,2025-06-24 08:40:00,2025-06-24 08:45:00,2025-06-24 10:40:00,22337.0,22412.0,75.0
Buy,2025-06-26 08:20:00,2025-06-26 08:25:00,2025-06-26 10:50:00,22571.25,22602.5,31.25
Buy,2025-06-27 07:55:00,2025-06-27 08:00:00,2025-06-27 10:25:00,22764.5,22796.75,32.25
